link,posttime,title,views
http://blog.csdn.net/qq_35037977/article/details/77751119,2017-08-31 18:59,"
        Python——os.exec**系列用法        
           
        ",87人阅读
http://blog.csdn.net/qq_35037977/article/details/77907006,2017-09-09 10:22,"
        Scrapy——抓取图片        
           
        ",42人阅读
http://blog.csdn.net/qq_35037977/article/details/77925115,2017-09-10 20:48,"
        Scrapy——模拟登陆爬取github issues        
           
        ",37人阅读
http://blog.csdn.net/qq_35037977/article/details/77929465,2017-09-11 09:04,"
        Ubuntu——子进程已安装错误代码1        
           
        ",24人阅读
http://blog.csdn.net/qq_35037977/article/details/77929727,2017-09-11 09:32,"
        Ubuntu——mysql5.7修改utf-8        
           
        ",45人阅读
http://blog.csdn.net/qq_35037977/article/details/77935353,2017-09-11 17:15,"
        Scrapy——流程以及middleware中间件        
           
        ",31人阅读
http://blog.csdn.net/qq_35037977/article/details/77950423,2017-09-12 22:10,"
        Redis——数据持久化AOF与RDB        
           
        ",30人阅读
http://blog.csdn.net/qq_35037977/article/details/76707871,2017-08-05 10:36,"
        Git常用操作系列（4）        
           
        ",804人阅读
http://blog.csdn.net/qq_35037977/article/details/76788677,2017-08-06 19:03,"
        Flask——请求响应循环        
           
        ",788人阅读
http://blog.csdn.net/qq_35037977/article/details/77016856,2017-08-09 20:51,"
        Flask——表单类        
           
        ",775人阅读
http://blog.csdn.net/qq_35037977/article/details/77100065,2017-08-11 16:47,"
        Git——合并多个commit        
           
        ",776人阅读
http://blog.csdn.net/qq_35037977/article/details/77252870,2017-08-16 16:40,"
        Flask——itsdangerous验证邮箱        
           
        ",776人阅读
http://blog.csdn.net/qq_35037977/article/details/77341365,2017-08-17 21:19,"
        Flask——用户权限管理        
           
        ",805人阅读
http://blog.csdn.net/qq_35037977/article/details/77540117,2017-08-24 19:23,"
        Python——format字符串格式化        
           
        ",776人阅读
http://blog.csdn.net/qq_35037977/article/details/72863763,2017-06-05 08:21,"
        Python——HTMLParser        
           
        ",787人阅读
http://blog.csdn.net/qq_35037977/article/details/72864613,2017-06-05 10:19,"
        Python——XML解析        
           
        ",773人阅读
http://blog.csdn.net/qq_35037977/article/details/72903692,2017-06-07 20:40,"
        Python——生成激活码        
           
        ",883人阅读
http://blog.csdn.net/qq_35037977/article/details/73195309,2017-06-13 21:03,"
        Python——生成激活码并存入MySQL        
           
        ",757人阅读
http://blog.csdn.net/qq_35037977/article/details/73302240,2017-06-15 20:25,"
        Python——使用SQLAlchemy        
           
        ",766人阅读
http://blog.csdn.net/qq_35037977/article/details/75193903,2017-07-15 20:58,"
        Python——使用virtualenv        
           
        ",760人阅读
http://blog.csdn.net/qq_35037977/article/details/75339577,2017-07-19 10:18,"
        ubuntu——安装python3.6和sublime text3        
           
        ",820人阅读
http://blog.csdn.net/qq_35037977/article/details/75339934,2017-07-19 10:22,"
        ubuntu16.04——设置python3为默认及库的安装        
           
        ",850人阅读
http://blog.csdn.net/qq_35037977/article/details/57711183,2017-02-27 03:38,"
        宝宝来了        
           
        ",867人阅读
http://blog.csdn.net/qq_35037977/article/details/64514695,2017-03-21 21:12,"
        Flex布局 小记        
           
        ",790人阅读
http://blog.csdn.net/qq_35037977/article/details/68943601,2017-04-01 13:41,"
        js创建对象  之  工厂模式,构造函数模式        
           
        ",864人阅读
http://blog.csdn.net/qq_35037977/article/details/68944783,2017-04-01 15:12,"
        js数据类型 ——引用类型（Array）.1/3        
           
        ",854人阅读
http://blog.csdn.net/qq_35037977/article/details/68946063,2017-04-01 16:50,"
        js数据类型 ——引用类型（Array）.2/3        
           
        ",818人阅读
http://blog.csdn.net/qq_35037977/article/details/68952048,2017-04-02 14:30,"
        js数据类型 ——引用类型（Array）.3/3        
           
        ",850人阅读
http://blog.csdn.net/qq_35037977/article/details/69372270,2017-04-06 09:43,"
        radio select 样式修改CSS        
           
        ",925人阅读
http://blog.csdn.net/qq_35037977/article/details/70036671,2017-04-10 20:49,"
        CSS3之animation、transition        
           
        ",769人阅读
http://blog.csdn.net/qq_35037977/article/details/70474181,2017-04-22 19:58,"
        Height ，Width   以及 鼠标位置        
           
        ",780人阅读
http://blog.csdn.net/qq_35037977/article/details/71506856,2017-05-09 20:43,"
        new运算符        
           
        ",779人阅读
http://blog.csdn.net/qq_35037977/article/details/71525495,2017-05-10 14:43,"
        node.js  爬虫csdn个人博客主界面        
           
        ",804人阅读
http://blog.csdn.net/qq_35037977/article/details/71542659,2017-05-10 16:03,"
        LESS 简单基础运用        
           
        ",763人阅读
http://blog.csdn.net/qq_35037977/article/details/72803802,2017-05-29 20:31,"
        Python——切片        
           
        ",828人阅读
http://blog.csdn.net/qq_35037977/article/details/72823249,2017-05-31 19:48,"
        Python——序列化        
           
        ",766人阅读
http://blog.csdn.net/qq_35037977/article/details/72823983,2017-05-31 21:12,"
        Python——多进程        
           
        ",795人阅读
http://blog.csdn.net/qq_35037977/article/details/72844246,2017-06-02 14:44,"
        Python——闭包和装饰器        
           
        ",867人阅读
http://blog.csdn.net/qq_35037977/article/details/60087443,2017-03-03 08:37,"
        css权威指南——link        
           
        ",845人阅读
http://blog.csdn.net/qq_35037977/article/details/60144653,2017-03-03 18:33,"
        css权威指南——特殊选择器        
           
        ",998人阅读
http://blog.csdn.net/qq_35037977/article/details/60574409,2017-03-06 13:14,"
        css权威指南——优先级        
           
        ",919人阅读
http://blog.csdn.net/qq_35037977/article/details/60973200,2017-03-09 21:52,"
        双飞翼布局        
           
        ",782人阅读
http://blog.csdn.net/qq_35037977/article/details/61202490,2017-03-10 18:00,"
        百度IFE前端学院小记        
           
        ",843人阅读
http://blog.csdn.net/qq_35037977/article/details/75367157,2017-07-19 13:19,"
        Python——图片转字符画        
           
        ",798人阅读
http://blog.csdn.net/qq_35037977/article/details/75727891,2017-07-22 12:31,"
        Python——解析命令行参数docopt模块        
           
        ",800人阅读
http://blog.csdn.net/qq_35037977/article/details/76142842,2017-07-26 13:32,"
        Python——pyquery解析html        
           
        ",813人阅读
http://blog.csdn.net/qq_35037977/article/details/76274157,2017-07-28 18:12,"
        Python——百度语音识别api        
           
        ",999人阅读
http://blog.csdn.net/qq_35037977/article/details/76401593,2017-07-30 19:15,"
        Git常用操作系列（1）        
           
        ",802人阅读
http://blog.csdn.net/qq_35037977/article/details/76402710,2017-07-30 19:38,"
        Git常用操作系列（2）        
           
        ",804人阅读
http://blog.csdn.net/qq_35037977/article/details/76472737,2017-07-31 21:19,"
        Git常用操作系列（3）        
           
        ",798人阅读
http://blog.csdn.net/qq_35037977/article/details/77751109,2017-08-31 18:59,"
        Python——代码覆盖报告covera        
           
        ",77人阅读
